App,TestClass,TestFilePath,ProductionFilePath,RelativeTestFilePath,RelativeProductionFilePath,NumberOfMethods,Assertion Roulette,Conditional Test Logic,Constructor Initialization,Default Test,EmptyTest,Exception Catching Throwing,General Fixture,Mystery Guest,Print Statement,Redundant Assertion,Sensitive Equality,Verbose Test,Sleepy Test,Eager Test,Lazy Test,Duplicate Assert,Unknown Test,IgnoredTest,Resource Optimism,Magic Number Test,Dependent Test
TestProject,TestSmell001.java,C:\Users\publi\Downloads\aroma-lia-saner-2026-rp\dataset-files\java\TestSmell001.java,C:\Users\publi\Downloads\aroma-lia-saner-2026-rp\dataset-files\java\TestSmell001.java,,,1,1,0,0,0,0,0,0,0,0,0,0,0,0,0,0,0,0,0,0,1,0
TestProject,TestSmell002.java,C:\Users\publi\Downloads\aroma-lia-saner-2026-rp\dataset-files\java\TestSmell002.java,C:\Users\publi\Downloads\aroma-lia-saner-2026-rp\dataset-files\java\TestSmell002.java,,,1,0,0,0,0,0,0,0,0,0,0,0,0,0,0,0,0,0,1,0,0,0
TestProject,TestSmell003.java,C:\Users\publi\Downloads\aroma-lia-saner-2026-rp\dataset-files\java\TestSmell003.java,C:\Users\publi\Downloads\aroma-lia-saner-2026-rp\dataset-files\java\TestSmell003.java,,,1,1,0,0,0,0,1,0,0,0,0,0,0,1,0,0,0,0,0,0,1,0
TestProject,TestSmell004.java,C:\Users\publi\Downloads\aroma-lia-saner-2026-rp\dataset-files\java\TestSmell004.java,C:\Users\publi\Downloads\aroma-lia-saner-2026-rp\dataset-files\java\TestSmell004.java,,,1,0,0,0,0,0,0,0,0,0,0,0,0,0,0,0,0,0,1,0,0,0
TestProject,TestSmell005.java,C:\Users\publi\Downloads\aroma-lia-saner-2026-rp\dataset-files\java\TestSmell005.java,C:\Users\publi\Downloads\aroma-lia-saner-2026-rp\dataset-files\java\TestSmell005.java,,,1,1,0,0,0,0,0,0,0,0,0,0,0,0,0,0,0,0,0,0,1,0
TestProject,TestSmell006.java,C:\Users\publi\Downloads\aroma-lia-saner-2026-rp\dataset-files\java\TestSmell006.java,C:\Users\publi\Downloads\aroma-lia-saner-2026-rp\dataset-files\java\TestSmell006.java,,,1,1,0,0,0,0,1,0,0,0,0,0,0,1,0,0,0,0,0,0,1,0
TestProject,TestSmell007.java,C:\Users\publi\Downloads\aroma-lia-saner-2026-rp\dataset-files\java\TestSmell007.java,C:\Users\publi\Downloads\aroma-lia-saner-2026-rp\dataset-files\java\TestSmell007.java,,,1,1,0,0,0,0,0,0,0,0,0,0,0,0,0,0,1,0,0,0,1,0
TestProject,TestSmell008.java,C:\Users\publi\Downloads\aroma-lia-saner-2026-rp\dataset-files\java\TestSmell008.java,C:\Users\publi\Downloads\aroma-lia-saner-2026-rp\dataset-files\java\TestSmell008.java,,,1,0,0,0,0,0,0,0,0,0,0,0,0,0,0,0,0,0,1,0,0,0
TestProject,TestSmell009.java,C:\Users\publi\Downloads\aroma-lia-saner-2026-rp\dataset-files\java\TestSmell009.java,C:\Users\publi\Downloads\aroma-lia-saner-2026-rp\dataset-files\java\TestSmell009.java,,,1,1,0,0,0,0,1,0,0,0,0,0,0,0,0,0,0,0,0,0,1,0
TestProject,TestSmell010.java,C:\Users\publi\Downloads\aroma-lia-saner-2026-rp\dataset-files\java\TestSmell010.java,C:\Users\publi\Downloads\aroma-lia-saner-2026-rp\dataset-files\java\TestSmell010.java,,,1,1,0,0,0,0,1,0,0,0,1,0,0,1,0,0,0,0,0,0,1,0
TestProject,TestSmell011.java,C:\Users\publi\Downloads\aroma-lia-saner-2026-rp\dataset-files\java\TestSmell011.java,C:\Users\publi\Downloads\aroma-lia-saner-2026-rp\dataset-files\java\TestSmell011.java,,,1,0,1,0,0,0,0,0,0,0,0,0,0,0,0,0,0,1,0,0,1,0
TestProject,TestSmell012.java,C:\Users\publi\Downloads\aroma-lia-saner-2026-rp\dataset-files\java\TestSmell012.java,C:\Users\publi\Downloads\aroma-lia-saner-2026-rp\dataset-files\java\TestSmell012.java,,,1,0,0,0,0,0,0,0,0,0,0,0,0,0,0,0,0,0,0,0,0,0
TestProject,TestSmell013.java,C:\Users\publi\Downloads\aroma-lia-saner-2026-rp\dataset-files\java\TestSmell013.java,C:\Users\publi\Downloads\aroma-lia-saner-2026-rp\dataset-files\java\TestSmell013.java,,,1,0,1,0,0,0,0,0,0,0,0,0,0,0,0,0,0,0,0,0,1,0
TestProject,TestSmell014.java,C:\Users\publi\Downloads\aroma-lia-saner-2026-rp\dataset-files\java\TestSmell014.java,C:\Users\publi\Downloads\aroma-lia-saner-2026-rp\dataset-files\java\TestSmell014.java,,,1,0,1,0,0,0,1,0,0,1,0,0,0,0,0,0,0,0,0,0,1,0
TestProject,TestSmell015.java,C:\Users\publi\Downloads\aroma-lia-saner-2026-rp\dataset-files\java\TestSmell015.java,C:\Users\publi\Downloads\aroma-lia-saner-2026-rp\dataset-files\java\TestSmell015.java,,,1,0,1,0,0,0,0,0,0,0,0,0,0,0,0,0,0,0,0,0,1,0
TestProject,TestSmell016.java,C:\Users\publi\Downloads\aroma-lia-saner-2026-rp\dataset-files\java\TestSmell016.java,C:\Users\publi\Downloads\aroma-lia-saner-2026-rp\dataset-files\java\TestSmell016.java,,,1,0,0,0,0,0,1,0,0,0,0,0,0,1,0,0,0,1,0,0,1,0
TestProject,TestSmell017.java,C:\Users\publi\Downloads\aroma-lia-saner-2026-rp\dataset-files\java\TestSmell017.java,C:\Users\publi\Downloads\aroma-lia-saner-2026-rp\dataset-files\java\TestSmell017.java,,,1,1,1,0,0,0,0,0,0,0,0,0,0,0,0,0,0,0,0,0,1,0
TestProject,TestSmell018.java,C:\Users\publi\Downloads\aroma-lia-saner-2026-rp\dataset-files\java\TestSmell018.java,C:\Users\publi\Downloads\aroma-lia-saner-2026-rp\dataset-files\java\TestSmell018.java,,,1,0,1,0,0,0,1,0,0,0,0,0,0,0,0,0,0,0,0,0,1,0
TestProject,TestSmell019.java,C:\Users\publi\Downloads\aroma-lia-saner-2026-rp\dataset-files\java\TestSmell019.java,C:\Users\publi\Downloads\aroma-lia-saner-2026-rp\dataset-files\java\TestSmell019.java,,,1,0,1,0,0,0,1,0,0,0,0,0,0,1,0,0,0,0,0,0,1,0
TestProject,TestSmell020.java,C:\Users\publi\Downloads\aroma-lia-saner-2026-rp\dataset-files\java\TestSmell020.java,C:\Users\publi\Downloads\aroma-lia-saner-2026-rp\dataset-files\java\TestSmell020.java,,,1,0,0,0,0,0,0,0,0,0,0,0,0,0,0,0,0,0,1,0,0,0
TestProject,TestSmell021.java,C:\Users\publi\Downloads\aroma-lia-saner-2026-rp\dataset-files\java\TestSmell021.java,C:\Users\publi\Downloads\aroma-lia-saner-2026-rp\dataset-files\java\TestSmell021.java,,,1,1,1,0,0,0,0,0,0,0,0,0,0,0,0,0,1,0,0,0,1,0
TestProject,TestSmell022.java,C:\Users\publi\Downloads\aroma-lia-saner-2026-rp\dataset-files\java\TestSmell022.java,C:\Users\publi\Downloads\aroma-lia-saner-2026-rp\dataset-files\java\TestSmell022.java,,,1,1,1,0,0,0,0,0,0,1,0,0,0,0,0,0,1,0,0,0,1,0
TestProject,TestSmell023.java,C:\Users\publi\Downloads\aroma-lia-saner-2026-rp\dataset-files\java\TestSmell023.java,C:\Users\publi\Downloads\aroma-lia-saner-2026-rp\dataset-files\java\TestSmell023.java,,,1,1,0,0,0,0,1,0,0,0,0,0,0,0,0,0,1,0,0,0,1,0
TestProject,TestSmell024.java,C:\Users\publi\Downloads\aroma-lia-saner-2026-rp\dataset-files\java\TestSmell024.java,C:\Users\publi\Downloads\aroma-lia-saner-2026-rp\dataset-files\java\TestSmell024.java,,,1,0,0,0,0,0,0,0,0,0,0,0,0,0,0,0,0,0,1,0,0,0
TestProject,TestSmell025.java,C:\Users\publi\Downloads\aroma-lia-saner-2026-rp\dataset-files\java\TestSmell025.java,C:\Users\publi\Downloads\aroma-lia-saner-2026-rp\dataset-files\java\TestSmell025.java,,,1,1,0,0,0,0,1,0,0,1,0,1,0,0,0,0,1,0,0,0,1,0
TestProject,TestSmell026.java,C:\Users\publi\Downloads\aroma-lia-saner-2026-rp\dataset-files\java\TestSmell026.java,C:\Users\publi\Downloads\aroma-lia-saner-2026-rp\dataset-files\java\TestSmell026.java,,,1,1,0,0,0,0,1,0,0,0,0,0,0,0,0,0,1,0,0,0,1,0
TestProject,TestSmell027.java,C:\Users\publi\Downloads\aroma-lia-saner-2026-rp\dataset-files\java\TestSmell027.java,C:\Users\publi\Downloads\aroma-lia-saner-2026-rp\dataset-files\java\TestSmell027.java,,,1,0,0,0,0,0,0,0,0,0,0,1,0,0,0,0,1,0,0,0,1,0
TestProject,TestSmell028.java,C:\Users\publi\Downloads\aroma-lia-saner-2026-rp\dataset-files\java\TestSmell028.java,C:\Users\publi\Downloads\aroma-lia-saner-2026-rp\dataset-files\java\TestSmell028.java,,,1,0,0,0,0,0,0,0,0,0,0,0,0,0,0,0,0,0,0,0,0,0
TestProject,TestSmell029.java,C:\Users\publi\Downloads\aroma-lia-saner-2026-rp\dataset-files\java\TestSmell029.java,C:\Users\publi\Downloads\aroma-lia-saner-2026-rp\dataset-files\java\TestSmell029.java,,,1,1,0,0,0,0,0,0,0,0,0,0,0,0,0,0,1,0,0,0,1,0
TestProject,TestSmell030.java,C:\Users\publi\Downloads\aroma-lia-saner-2026-rp\dataset-files\java\TestSmell030.java,C:\Users\publi\Downloads\aroma-lia-saner-2026-rp\dataset-files\java\TestSmell030.java,,,1,0,0,0,0,0,0,0,0,0,0,0,0,0,0,0,0,0,0,0,0,0
TestProject,TestSmell031.java,C:\Users\publi\Downloads\aroma-lia-saner-2026-rp\dataset-files\java\TestSmell031.java,C:\Users\publi\Downloads\aroma-lia-saner-2026-rp\dataset-files\java\TestSmell031.java,,,1,0,0,0,0,0,0,0,0,0,0,0,0,0,0,0,0,0,1,0,0,0
TestProject,TestSmell032.java,C:\Users\publi\Downloads\aroma-lia-saner-2026-rp\dataset-files\java\TestSmell032.java,C:\Users\publi\Downloads\aroma-lia-saner-2026-rp\dataset-files\java\TestSmell032.java,,,1,0,0,0,0,0,0,0,0,0,0,0,0,0,0,0,0,0,0,0,0,0
TestProject,TestSmell033.java,C:\Users\publi\Downloads\aroma-lia-saner-2026-rp\dataset-files\java\TestSmell033.java,C:\Users\publi\Downloads\aroma-lia-saner-2026-rp\dataset-files\java\TestSmell033.java,,,1,0,0,0,0,0,0,0,0,0,0,0,0,0,0,0,0,0,0,0,0,0
TestProject,TestSmell034.java,C:\Users\publi\Downloads\aroma-lia-saner-2026-rp\dataset-files\java\TestSmell034.java,C:\Users\publi\Downloads\aroma-lia-saner-2026-rp\dataset-files\java\TestSmell034.java,,,1,0,0,0,0,1,0,0,0,0,0,0,0,0,0,0,0,1,0,0,1,0
TestProject,TestSmell035.java,C:\Users\publi\Downloads\aroma-lia-saner-2026-rp\dataset-files\java\TestSmell035.java,C:\Users\publi\Downloads\aroma-lia-saner-2026-rp\dataset-files\java\TestSmell035.java,,,1,0,0,0,0,0,0,0,0,0,0,0,0,0,0,0,0,0,1,0,0,0
TestProject,TestSmell036.java,C:\Users\publi\Downloads\aroma-lia-saner-2026-rp\dataset-files\java\TestSmell036.java,C:\Users\publi\Downloads\aroma-lia-saner-2026-rp\dataset-files\java\TestSmell036.java,,,1,0,0,0,0,0,0,0,0,0,0,0,0,0,0,0,0,0,1,0,0,0
TestProject,TestSmell037.java,C:\Users\publi\Downloads\aroma-lia-saner-2026-rp\dataset-files\java\TestSmell037.java,C:\Users\publi\Downloads\aroma-lia-saner-2026-rp\dataset-files\java\TestSmell037.java,,,1,0,0,0,0,0,0,0,0,0,0,0,0,0,0,0,0,0,1,0,0,0
TestProject,TestSmell038.java,C:\Users\publi\Downloads\aroma-lia-saner-2026-rp\dataset-files\java\TestSmell038.java,C:\Users\publi\Downloads\aroma-lia-saner-2026-rp\dataset-files\java\TestSmell038.java,,,1,0,0,0,0,1,0,0,0,0,0,0,0,0,0,0,0,1,0,0,1,0
TestProject,TestSmell039.java,C:\Users\publi\Downloads\aroma-lia-saner-2026-rp\dataset-files\java\TestSmell039.java,C:\Users\publi\Downloads\aroma-lia-saner-2026-rp\dataset-files\java\TestSmell039.java,,,1,0,0,0,0,1,0,0,0,0,0,0,0,0,0,0,0,1,0,0,1,0
TestProject,TestSmell040.java,C:\Users\publi\Downloads\aroma-lia-saner-2026-rp\dataset-files\java\TestSmell040.java,C:\Users\publi\Downloads\aroma-lia-saner-2026-rp\dataset-files\java\TestSmell040.java,,,1,0,0,0,0,0,1,0,0,0,0,0,0,0,0,0,0,0,0,0,1,0
TestProject,TestSmell041.java,C:\Users\publi\Downloads\aroma-lia-saner-2026-rp\dataset-files\java\TestSmell041.java,C:\Users\publi\Downloads\aroma-lia-saner-2026-rp\dataset-files\java\TestSmell041.java,,,1,0,0,0,0,0,1,0,0,1,0,0,0,0,0,0,0,1,0,0,1,0
TestProject,TestSmell042.java,C:\Users\publi\Downloads\aroma-lia-saner-2026-rp\dataset-files\java\TestSmell042.java,C:\Users\publi\Downloads\aroma-lia-saner-2026-rp\dataset-files\java\TestSmell042.java,,,1,1,0,0,0,0,1,0,0,1,0,0,0,0,0,0,1,0,0,0,1,0
TestProject,TestSmell043.java,C:\Users\publi\Downloads\aroma-lia-saner-2026-rp\dataset-files\java\TestSmell043.java,C:\Users\publi\Downloads\aroma-lia-saner-2026-rp\dataset-files\java\TestSmell043.java,,,1,1,0,0,0,0,1,0,0,0,0,0,0,1,0,0,1,0,0,0,1,0
TestProject,TestSmell044.java,C:\Users\publi\Downloads\aroma-lia-saner-2026-rp\dataset-files\java\TestSmell044.java,C:\Users\publi\Downloads\aroma-lia-saner-2026-rp\dataset-files\java\TestSmell044.java,,,1,0,0,0,0,0,0,0,0,0,0,0,0,0,0,0,0,0,1,0,0,0
TestProject,TestSmell045.java,C:\Users\publi\Downloads\aroma-lia-saner-2026-rp\dataset-files\java\TestSmell045.java,C:\Users\publi\Downloads\aroma-lia-saner-2026-rp\dataset-files\java\TestSmell045.java,,,1,1,0,0,0,0,1,0,0,0,1,0,0,1,0,0,0,0,0,0,1,0
TestProject,TestSmell046.java,C:\Users\publi\Downloads\aroma-lia-saner-2026-rp\dataset-files\java\TestSmell046.java,C:\Users\publi\Downloads\aroma-lia-saner-2026-rp\dataset-files\java\TestSmell046.java,,,1,0,1,0,0,0,1,0,0,0,0,0,0,0,0,0,0,0,0,0,1,0
TestProject,TestSmell047.java,C:\Users\publi\Downloads\aroma-lia-saner-2026-rp\dataset-files\java\TestSmell047.java,C:\Users\publi\Downloads\aroma-lia-saner-2026-rp\dataset-files\java\TestSmell047.java,,,1,1,0,0,0,0,1,0,0,0,0,0,0,0,0,0,0,0,0,0,1,0
TestProject,TestSmell048.java,C:\Users\publi\Downloads\aroma-lia-saner-2026-rp\dataset-files\java\TestSmell048.java,C:\Users\publi\Downloads\aroma-lia-saner-2026-rp\dataset-files\java\TestSmell048.java,,,1,0,1,0,0,0,1,0,0,0,0,0,0,1,0,0,0,0,0,0,1,0
TestProject,TestSmell049.java,C:\Users\publi\Downloads\aroma-lia-saner-2026-rp\dataset-files\java\TestSmell049.java,C:\Users\publi\Downloads\aroma-lia-saner-2026-rp\dataset-files\java\TestSmell049.java,,,1,0,0,0,0,0,0,0,0,0,0,0,0,0,0,0,0,0,1,0,0,0
TestProject,TestSmell050.java,C:\Users\publi\Downloads\aroma-lia-saner-2026-rp\dataset-files\java\TestSmell050.java,C:\Users\publi\Downloads\aroma-lia-saner-2026-rp\dataset-files\java\TestSmell050.java,,,1,0,0,0,0,0,0,0,0,0,0,0,0,0,0,0,0,0,1,0,0,0
TestProject,TestSmell051.java,C:\Users\publi\Downloads\aroma-lia-saner-2026-rp\dataset-files\java\TestSmell051.java,C:\Users\publi\Downloads\aroma-lia-saner-2026-rp\dataset-files\java\TestSmell051.java,,,1,0,0,0,0,0,0,0,0,0,0,0,0,0,0,0,0,0,1,0,0,0
TestProject,TestSmell052.java,C:\Users\publi\Downloads\aroma-lia-saner-2026-rp\dataset-files\java\TestSmell052.java,C:\Users\publi\Downloads\aroma-lia-saner-2026-rp\dataset-files\java\TestSmell052.java,,,1,0,0,0,0,0,0,0,0,0,0,0,0,0,0,0,0,0,1,0,0,0
TestProject,TestSmell053.java,C:\Users\publi\Downloads\aroma-lia-saner-2026-rp\dataset-files\java\TestSmell053.java,C:\Users\publi\Downloads\aroma-lia-saner-2026-rp\dataset-files\java\TestSmell053.java,,,1,0,0,0,0,0,0,0,0,0,0,0,0,0,0,0,0,0,1,0,0,0
TestProject,TestSmell054.java,C:\Users\publi\Downloads\aroma-lia-saner-2026-rp\dataset-files\java\TestSmell054.java,C:\Users\publi\Downloads\aroma-lia-saner-2026-rp\dataset-files\java\TestSmell054.java,,,3,3,0,0,0,0,3,0,3,0,0,0,0,0,0,0,3,0,1,0,3,0
TestProject,TestSmell055.java,C:\Users\publi\Downloads\aroma-lia-saner-2026-rp\dataset-files\java\TestSmell055.java,C:\Users\publi\Downloads\aroma-lia-saner-2026-rp\dataset-files\java\TestSmell055.java,,,1,0,0,0,0,0,0,0,0,0,0,0,0,0,0,0,0,0,1,0,0,0
TestProject,TestSmell056.java,C:\Users\publi\Downloads\aroma-lia-saner-2026-rp\dataset-files\java\TestSmell056.java,C:\Users\publi\Downloads\aroma-lia-saner-2026-rp\dataset-files\java\TestSmell056.java,,,1,0,0,0,0,0,0,0,0,0,0,0,0,0,0,0,0,0,1,0,0,0
TestProject,TestSmell057.java,C:\Users\publi\Downloads\aroma-lia-saner-2026-rp\dataset-files\java\TestSmell057.java,C:\Users\publi\Downloads\aroma-lia-saner-2026-rp\dataset-files\java\TestSmell057.java,,,1,0,0,0,0,0,0,0,0,0,0,0,0,0,0,0,0,0,0,0,1,0
TestProject,TestSmell058.java,C:\Users\publi\Downloads\aroma-lia-saner-2026-rp\dataset-files\java\TestSmell058.java,C:\Users\publi\Downloads\aroma-lia-saner-2026-rp\dataset-files\java\TestSmell058.java,,,1,1,0,0,0,0,1,0,0,0,1,0,0,1,0,0,0,0,0,0,1,0
TestProject,TestSmell059.java,C:\Users\publi\Downloads\aroma-lia-saner-2026-rp\dataset-files\java\TestSmell059.java,C:\Users\publi\Downloads\aroma-lia-saner-2026-rp\dataset-files\java\TestSmell059.java,,,1,1,0,0,0,0,0,0,0,0,0,0,0,0,0,0,0,0,0,0,1,0
TestProject,TestSmell060.java,C:\Users\publi\Downloads\aroma-lia-saner-2026-rp\dataset-files\java\TestSmell060.java,C:\Users\publi\Downloads\aroma-lia-saner-2026-rp\dataset-files\java\TestSmell060.java,,,1,0,0,0,0,0,0,0,0,0,0,0,0,0,0,0,0,0,0,0,0,0
TestProject,TestSmell061.java,C:\Users\publi\Downloads\aroma-lia-saner-2026-rp\dataset-files\java\TestSmell061.java,C:\Users\publi\Downloads\aroma-lia-saner-2026-rp\dataset-files\java\TestSmell061.java,,,1,0,0,0,0,0,0,0,0,0,0,0,0,0,0,0,0,0,0,0,1,0
TestProject,TestSmell062.java,C:\Users\publi\Downloads\aroma-lia-saner-2026-rp\dataset-files\java\TestSmell062.java,C:\Users\publi\Downloads\aroma-lia-saner-2026-rp\dataset-files\java\TestSmell062.java,,,1,0,0,0,0,0,0,0,0,0,0,0,0,0,0,0,0,0,0,0,1,0
TestProject,TestSmell063.java,C:\Users\publi\Downloads\aroma-lia-saner-2026-rp\dataset-files\java\TestSmell063.java,C:\Users\publi\Downloads\aroma-lia-saner-2026-rp\dataset-files\java\TestSmell063.java,,,1,0,0,0,0,0,1,0,0,0,0,0,0,0,0,0,0,0,0,0,1,0
TestProject,TestSmell064.java,C:\Users\publi\Downloads\aroma-lia-saner-2026-rp\dataset-files\java\TestSmell064.java,C:\Users\publi\Downloads\aroma-lia-saner-2026-rp\dataset-files\java\TestSmell064.java,,,1,0,0,0,0,0,0,0,0,0,0,0,0,0,0,0,0,0,0,0,1,0
TestProject,TestSmell065.java,C:\Users\publi\Downloads\aroma-lia-saner-2026-rp\dataset-files\java\TestSmell065.java,C:\Users\publi\Downloads\aroma-lia-saner-2026-rp\dataset-files\java\TestSmell065.java,,,1,0,0,0,0,0,0,0,0,1,0,0,0,0,0,0,0,0,0,0,1,0
TestProject,TestSmell066.java,C:\Users\publi\Downloads\aroma-lia-saner-2026-rp\dataset-files\java\TestSmell066.java,C:\Users\publi\Downloads\aroma-lia-saner-2026-rp\dataset-files\java\TestSmell066.java,,,1,0,0,0,0,0,0,0,0,0,0,0,0,0,0,0,0,0,1,0,0,0
TestProject,TestSmell067.java,C:\Users\publi\Downloads\aroma-lia-saner-2026-rp\dataset-files\java\TestSmell067.java,C:\Users\publi\Downloads\aroma-lia-saner-2026-rp\dataset-files\java\TestSmell067.java,,,1,0,0,0,0,0,0,0,0,1,0,0,0,0,0,0,0,0,0,0,1,0
TestProject,TestSmell068.java,C:\Users\publi\Downloads\aroma-lia-saner-2026-rp\dataset-files\java\TestSmell068.java,C:\Users\publi\Downloads\aroma-lia-saner-2026-rp\dataset-files\java\TestSmell068.java,,,1,0,0,0,0,0,0,0,0,0,0,0,0,0,0,0,0,0,1,0,0,0
TestProject,TestSmell069.java,C:\Users\publi\Downloads\aroma-lia-saner-2026-rp\dataset-files\java\TestSmell069.java,C:\Users\publi\Downloads\aroma-lia-saner-2026-rp\dataset-files\java\TestSmell069.java,,,1,0,0,0,0,0,1,0,0,1,0,0,0,1,0,0,0,0,0,0,1,0
TestProject,TestSmell070.java,C:\Users\publi\Downloads\aroma-lia-saner-2026-rp\dataset-files\java\TestSmell070.java,C:\Users\publi\Downloads\aroma-lia-saner-2026-rp\dataset-files\java\TestSmell070.java,,,1,0,1,0,0,0,1,0,0,1,0,0,0,0,0,0,0,0,0,0,1,0
TestProject,TestSmell071.java,C:\Users\publi\Downloads\aroma-lia-saner-2026-rp\dataset-files\java\TestSmell071.java,C:\Users\publi\Downloads\aroma-lia-saner-2026-rp\dataset-files\java\TestSmell071.java,,,1,1,1,0,0,0,1,0,0,0,0,0,0,1,0,0,0,0,0,0,1,0
TestProject,TestSmell072.java,C:\Users\publi\Downloads\aroma-lia-saner-2026-rp\dataset-files\java\TestSmell072.java,C:\Users\publi\Downloads\aroma-lia-saner-2026-rp\dataset-files\java\TestSmell072.java,,,1,1,0,0,0,0,1,0,0,0,0,0,0,1,0,0,0,0,0,0,1,0
TestProject,TestSmell073.java,C:\Users\publi\Downloads\aroma-lia-saner-2026-rp\dataset-files\java\TestSmell073.java,C:\Users\publi\Downloads\aroma-lia-saner-2026-rp\dataset-files\java\TestSmell073.java,,,1,0,1,0,0,0,1,0,0,0,0,0,0,1,0,0,1,0,0,0,1,0
TestProject,TestSmell074.java,C:\Users\publi\Downloads\aroma-lia-saner-2026-rp\dataset-files\java\TestSmell074.java,C:\Users\publi\Downloads\aroma-lia-saner-2026-rp\dataset-files\java\TestSmell074.java,,,1,0,0,0,0,0,1,0,0,0,0,0,0,1,0,0,0,1,0,0,1,0
TestProject,TestSmell075.java,C:\Users\publi\Downloads\aroma-lia-saner-2026-rp\dataset-files\java\TestSmell075.java,C:\Users\publi\Downloads\aroma-lia-saner-2026-rp\dataset-files\java\TestSmell075.java,,,1,0,0,0,0,0,1,0,0,1,0,0,0,1,0,0,0,0,0,0,1,0
TestProject,TestSmell076.java,C:\Users\publi\Downloads\aroma-lia-saner-2026-rp\dataset-files\java\TestSmell076.java,C:\Users\publi\Downloads\aroma-lia-saner-2026-rp\dataset-files\java\TestSmell076.java,,,1,0,0,0,0,0,1,0,0,0,0,0,0,1,0,0,0,0,0,0,1,0
TestProject,TestSmell077.java,C:\Users\publi\Downloads\aroma-lia-saner-2026-rp\dataset-files\java\TestSmell077.java,C:\Users\publi\Downloads\aroma-lia-saner-2026-rp\dataset-files\java\TestSmell077.java,,,1,0,0,0,0,0,1,0,0,0,0,0,0,1,0,0,0,1,0,0,1,0
TestProject,TestSmell078.java,C:\Users\publi\Downloads\aroma-lia-saner-2026-rp\dataset-files\java\TestSmell078.java,C:\Users\publi\Downloads\aroma-lia-saner-2026-rp\dataset-files\java\TestSmell078.java,,,1,0,1,0,0,0,1,0,0,0,0,0,0,1,0,0,0,1,0,0,1,0
TestProject,TestSmell079.java,C:\Users\publi\Downloads\aroma-lia-saner-2026-rp\dataset-files\java\TestSmell079.java,C:\Users\publi\Downloads\aroma-lia-saner-2026-rp\dataset-files\java\TestSmell079.java,,,1,0,0,0,0,0,0,0,0,0,0,0,0,0,0,0,0,1,0,0,1,0
TestProject,TestSmell080.java,C:\Users\publi\Downloads\aroma-lia-saner-2026-rp\dataset-files\java\TestSmell080.java,C:\Users\publi\Downloads\aroma-lia-saner-2026-rp\dataset-files\java\TestSmell080.java,,,1,0,0,0,0,1,0,0,0,0,0,0,0,0,0,0,0,1,0,0,1,0
TestProject,TestSmell081.java,C:\Users\publi\Downloads\aroma-lia-saner-2026-rp\dataset-files\java\TestSmell081.java,C:\Users\publi\Downloads\aroma-lia-saner-2026-rp\dataset-files\java\TestSmell081.java,,,1,0,0,0,0,0,0,0,0,0,0,0,0,0,0,0,0,1,0,0,1,0
TestProject,TestSmell082.java,C:\Users\publi\Downloads\aroma-lia-saner-2026-rp\dataset-files\java\TestSmell082.java,C:\Users\publi\Downloads\aroma-lia-saner-2026-rp\dataset-files\java\TestSmell082.java,,,1,0,0,0,0,0,0,0,0,0,0,0,0,0,0,0,0,1,0,0,1,0
TestProject,TestSmell083.java,C:\Users\publi\Downloads\aroma-lia-saner-2026-rp\dataset-files\java\TestSmell083.java,C:\Users\publi\Downloads\aroma-lia-saner-2026-rp\dataset-files\java\TestSmell083.java,,,1,0,0,0,0,0,0,0,0,0,0,0,0,0,0,0,0,1,0,0,1,0
TestProject,TestSmell084.java,C:\Users\publi\Downloads\aroma-lia-saner-2026-rp\dataset-files\java\TestSmell084.java,C:\Users\publi\Downloads\aroma-lia-saner-2026-rp\dataset-files\java\TestSmell084.java,,,1,0,0,0,0,0,0,0,0,0,0,0,0,0,0,0,0,1,0,0,1,0
TestProject,TestSmell085.java,C:\Users\publi\Downloads\aroma-lia-saner-2026-rp\dataset-files\java\TestSmell085.java,C:\Users\publi\Downloads\aroma-lia-saner-2026-rp\dataset-files\java\TestSmell085.java,,,1,1,1,0,0,0,1,0,0,0,0,0,0,0,0,0,1,0,0,0,1,0
TestProject,TestSmell086.java,C:\Users\publi\Downloads\aroma-lia-saner-2026-rp\dataset-files\java\TestSmell086.java,C:\Users\publi\Downloads\aroma-lia-saner-2026-rp\dataset-files\java\TestSmell086.java,,,1,1,0,0,0,0,1,0,0,1,0,0,0,0,0,0,0,0,0,0,1,0
TestProject,TestSmell087.java,C:\Users\publi\Downloads\aroma-lia-saner-2026-rp\dataset-files\java\TestSmell087.java,C:\Users\publi\Downloads\aroma-lia-saner-2026-rp\dataset-files\java\TestSmell087.java,,,3,1,1,0,0,0,0,0,0,0,0,0,0,0,0,0,0,0,0,0,1,0
TestProject,TestSmell088.java,C:\Users\publi\Downloads\aroma-lia-saner-2026-rp\dataset-files\java\TestSmell088.java,C:\Users\publi\Downloads\aroma-lia-saner-2026-rp\dataset-files\java\TestSmell088.java,,,1,1,0,0,0,0,0,0,0,0,0,0,0,0,0,0,0,0,0,0,1,0
TestProject,TestSmell089.java,C:\Users\publi\Downloads\aroma-lia-saner-2026-rp\dataset-files\java\TestSmell089.java,C:\Users\publi\Downloads\aroma-lia-saner-2026-rp\dataset-files\java\TestSmell089.java,,,1,1,0,0,0,0,0,0,0,0,0,0,0,0,0,0,1,0,0,0,1,0
TestProject,TestSmell090.java,C:\Users\publi\Downloads\aroma-lia-saner-2026-rp\dataset-files\java\TestSmell090.java,C:\Users\publi\Downloads\aroma-lia-saner-2026-rp\dataset-files\java\TestSmell090.java,,,1,1,1,0,0,0,0,0,0,0,0,0,0,0,0,0,0,0,0,0,1,0
TestProject,TestSmell091.java,C:\Users\publi\Downloads\aroma-lia-saner-2026-rp\dataset-files\java\TestSmell091.java,C:\Users\publi\Downloads\aroma-lia-saner-2026-rp\dataset-files\java\TestSmell091.java,,,1,1,0,0,0,0,0,0,1,0,0,0,0,0,0,0,1,0,0,1,1,0
TestProject,TestSmell092.java,C:\Users\publi\Downloads\aroma-lia-saner-2026-rp\dataset-files\java\TestSmell092.java,C:\Users\publi\Downloads\aroma-lia-saner-2026-rp\dataset-files\java\TestSmell092.java,,,1,1,0,0,0,0,0,0,0,0,0,0,0,0,0,0,0,0,0,0,1,0
TestProject,TestSmell093.java,C:\Users\publi\Downloads\aroma-lia-saner-2026-rp\dataset-files\java\TestSmell093.java,C:\Users\publi\Downloads\aroma-lia-saner-2026-rp\dataset-files\java\TestSmell093.java,,,1,1,1,0,0,0,0,0,0,0,0,0,0,0,0,0,0,0,0,0,1,0
TestProject,TestSmell094.java,C:\Users\publi\Downloads\aroma-lia-saner-2026-rp\dataset-files\java\TestSmell094.java,C:\Users\publi\Downloads\aroma-lia-saner-2026-rp\dataset-files\java\TestSmell094.java,,,1,1,0,0,0,0,0,0,0,0,0,0,0,0,0,0,0,0,0,0,1,0
TestProject,TestSmell095.java,C:\Users\publi\Downloads\aroma-lia-saner-2026-rp\dataset-files\java\TestSmell095.java,C:\Users\publi\Downloads\aroma-lia-saner-2026-rp\dataset-files\java\TestSmell095.java,,,1,1,1,0,0,0,0,0,0,0,0,0,0,0,0,0,0,0,0,0,1,0
TestProject,TestSmell096.java,C:\Users\publi\Downloads\aroma-lia-saner-2026-rp\dataset-files\java\TestSmell096.java,C:\Users\publi\Downloads\aroma-lia-saner-2026-rp\dataset-files\java\TestSmell096.java,,,1,1,1,0,0,0,1,0,0,0,0,0,0,1,0,0,0,0,0,0,1,0
TestProject,TestSmell097.java,C:\Users\publi\Downloads\aroma-lia-saner-2026-rp\dataset-files\java\TestSmell097.java,C:\Users\publi\Downloads\aroma-lia-saner-2026-rp\dataset-files\java\TestSmell097.java,,,3,1,1,0,0,0,0,0,0,0,0,0,0,0,0,0,0,0,0,0,1,0
TestProject,TestSmell098.java,C:\Users\publi\Downloads\aroma-lia-saner-2026-rp\dataset-files\java\TestSmell098.java,C:\Users\publi\Downloads\aroma-lia-saner-2026-rp\dataset-files\java\TestSmell098.java,,,1,0,1,0,0,0,1,0,0,0,0,0,0,0,0,0,0,1,0,0,1,0
TestProject,TestSmell099.java,C:\Users\publi\Downloads\aroma-lia-saner-2026-rp\dataset-files\java\TestSmell099.java,C:\Users\publi\Downloads\aroma-lia-saner-2026-rp\dataset-files\java\TestSmell099.java,,,1,1,1,0,0,0,0,0,0,0,0,0,0,0,0,0,0,0,0,0,1,0
TestProject,TestSmell100.java,C:\Users\publi\Downloads\aroma-lia-saner-2026-rp\dataset-files\java\TestSmell100.java,C:\Users\publi\Downloads\aroma-lia-saner-2026-rp\dataset-files\java\TestSmell100.java,,,1,0,1,0,0,0,1,0,0,1,1,0,0,1,0,0,0,0,0,0,1,0
TestProject,TestSmell101.java,C:\Users\publi\Downloads\aroma-lia-saner-2026-rp\dataset-files\java\TestSmell101.java,C:\Users\publi\Downloads\aroma-lia-saner-2026-rp\dataset-files\java\TestSmell101.java,,,2,1,1,0,0,0,1,0,0,0,0,0,0,0,0,0,0,0,0,0,1,0
TestProject,TestSmell102.java,C:\Users\publi\Downloads\aroma-lia-saner-2026-rp\dataset-files\java\TestSmell102.java,C:\Users\publi\Downloads\aroma-lia-saner-2026-rp\dataset-files\java\TestSmell102.java,,,1,0,1,0,0,0,0,0,0,0,0,0,0,0,0,0,0,0,0,1,1,0
TestProject,TestSmell103.java,C:\Users\publi\Downloads\aroma-lia-saner-2026-rp\dataset-files\java\TestSmell103.java,C:\Users\publi\Downloads\aroma-lia-saner-2026-rp\dataset-files\java\TestSmell103.java,,,1,0,1,0,0,0,1,0,0,1,0,0,0,0,0,0,0,0,0,0,1,0
TestProject,TestSmell104.java,C:\Users\publi\Downloads\aroma-lia-saner-2026-rp\dataset-files\java\TestSmell104.java,C:\Users\publi\Downloads\aroma-lia-saner-2026-rp\dataset-files\java\TestSmell104.java,,,1,0,1,0,0,0,0,0,0,0,0,0,0,0,0,0,0,0,0,0,1,0
TestProject,TestSmell105.java,C:\Users\publi\Downloads\aroma-lia-saner-2026-rp\dataset-files\java\TestSmell105.java,C:\Users\publi\Downloads\aroma-lia-saner-2026-rp\dataset-files\java\TestSmell105.java,,,1,1,1,0,0,0,0,0,0,0,0,0,0,0,0,0,1,0,0,0,1,0
TestProject,TestSmell106.java,C:\Users\publi\Downloads\aroma-lia-saner-2026-rp\dataset-files\java\TestSmell106.java,C:\Users\publi\Downloads\aroma-lia-saner-2026-rp\dataset-files\java\TestSmell106.java,,,1,1,0,0,0,0,1,0,0,0,0,0,0,0,0,0,1,0,0,0,1,0
TestProject,TestSmell107.java,C:\Users\publi\Downloads\aroma-lia-saner-2026-rp\dataset-files\java\TestSmell107.java,C:\Users\publi\Downloads\aroma-lia-saner-2026-rp\dataset-files\java\TestSmell107.java,,,1,1,1,0,0,0,0,0,0,0,0,0,0,0,0,0,1,0,0,0,1,0
TestProject,TestSmell108.java,C:\Users\publi\Downloads\aroma-lia-saner-2026-rp\dataset-files\java\TestSmell108.java,C:\Users\publi\Downloads\aroma-lia-saner-2026-rp\dataset-files\java\TestSmell108.java,,,1,1,0,0,0,0,0,0,0,0,0,0,0,0,0,0,0,0,0,0,1,0
TestProject,TestSmell109.java,C:\Users\publi\Downloads\aroma-lia-saner-2026-rp\dataset-files\java\TestSmell109.java,C:\Users\publi\Downloads\aroma-lia-saner-2026-rp\dataset-files\java\TestSmell109.java,,,1,1,0,0,0,0,0,0,0,0,0,0,0,0,0,0,1,0,0,0,1,0
TestProject,TestSmell110.java,C:\Users\publi\Downloads\aroma-lia-saner-2026-rp\dataset-files\java\TestSmell110.java,C:\Users\publi\Downloads\aroma-lia-saner-2026-rp\dataset-files\java\TestSmell110.java,,,1,1,0,0,0,0,1,0,0,0,0,0,0,0,0,0,1,0,0,0,1,0
TestProject,TestSmell111.java,C:\Users\publi\Downloads\aroma-lia-saner-2026-rp\dataset-files\java\TestSmell111.java,C:\Users\publi\Downloads\aroma-lia-saner-2026-rp\dataset-files\java\TestSmell111.java,,,1,1,0,0,0,0,1,0,0,0,0,0,0,0,0,0,1,0,0,0,1,0
TestProject,TestSmell112.java,C:\Users\publi\Downloads\aroma-lia-saner-2026-rp\dataset-files\java\TestSmell112.java,C:\Users\publi\Downloads\aroma-lia-saner-2026-rp\dataset-files\java\TestSmell112.java,,,1,0,0,0,0,1,0,0,0,0,0,0,0,0,0,0,0,1,0,0,1,0
TestProject,TestSmell113.java,C:\Users\publi\Downloads\aroma-lia-saner-2026-rp\dataset-files\java\TestSmell113.java,C:\Users\publi\Downloads\aroma-lia-saner-2026-rp\dataset-files\java\TestSmell113.java,,,1,0,0,0,0,1,0,0,0,0,0,0,0,0,0,0,0,1,0,0,1,0
TestProject,TestSmell114.java,C:\Users\publi\Downloads\aroma-lia-saner-2026-rp\dataset-files\java\TestSmell114.java,C:\Users\publi\Downloads\aroma-lia-saner-2026-rp\dataset-files\java\TestSmell114.java,,,1,0,0,0,0,1,0,0,0,0,0,0,0,0,0,0,0,1,0,0,1,0
TestProject,TestSmell115.java,C:\Users\publi\Downloads\aroma-lia-saner-2026-rp\dataset-files\java\TestSmell115.java,C:\Users\publi\Downloads\aroma-lia-saner-2026-rp\dataset-files\java\TestSmell115.java,,,1,0,0,0,0,1,0,0,0,0,0,0,0,0,0,0,0,1,0,0,1,0
TestProject,TestSmell116.java,C:\Users\publi\Downloads\aroma-lia-saner-2026-rp\dataset-files\java\TestSmell116.java,C:\Users\publi\Downloads\aroma-lia-saner-2026-rp\dataset-files\java\TestSmell116.java,,,1,0,0,0,0,1,0,0,0,0,0,0,0,0,0,0,0,1,0,0,1,0
TestProject,TestSmell117.java,C:\Users\publi\Downloads\aroma-lia-saner-2026-rp\dataset-files\java\TestSmell117.java,C:\Users\publi\Downloads\aroma-lia-saner-2026-rp\dataset-files\java\TestSmell117.java,,,1,0,0,0,0,1,0,0,0,0,0,0,0,0,0,0,0,1,0,0,1,0
TestProject,TestSmell118.java,C:\Users\publi\Downloads\aroma-lia-saner-2026-rp\dataset-files\java\TestSmell118.java,C:\Users\publi\Downloads\aroma-lia-saner-2026-rp\dataset-files\java\TestSmell118.java,,,1,0,0,0,0,1,0,0,0,0,0,0,0,0,0,0,0,1,0,0,1,0
TestProject,TestSmell119.java,C:\Users\publi\Downloads\aroma-lia-saner-2026-rp\dataset-files\java\TestSmell119.java,C:\Users\publi\Downloads\aroma-lia-saner-2026-rp\dataset-files\java\TestSmell119.java,,,1,0,0,0,0,1,0,0,0,0,0,0,0,0,0,0,0,1,0,0,1,0
TestProject,TestSmell120.java,C:\Users\publi\Downloads\aroma-lia-saner-2026-rp\dataset-files\java\TestSmell120.java,C:\Users\publi\Downloads\aroma-lia-saner-2026-rp\dataset-files\java\TestSmell120.java,,,1,0,0,0,0,1,0,0,0,0,0,0,0,0,0,0,0,1,0,0,1,0
TestProject,TestSmell121.java,C:\Users\publi\Downloads\aroma-lia-saner-2026-rp\dataset-files\java\TestSmell121.java,C:\Users\publi\Downloads\aroma-lia-saner-2026-rp\dataset-files\java\TestSmell121.java,,,1,0,0,0,0,1,0,0,0,0,0,0,0,0,0,0,0,1,0,0,1,0
TestProject,TestSmell122.java,C:\Users\publi\Downloads\aroma-lia-saner-2026-rp\dataset-files\java\TestSmell122.java,C:\Users\publi\Downloads\aroma-lia-saner-2026-rp\dataset-files\java\TestSmell122.java,,,1,0,1,0,0,0,1,0,0,0,0,0,0,0,0,0,0,1,0,0,1,0
TestProject,TestSmell123.java,C:\Users\publi\Downloads\aroma-lia-saner-2026-rp\dataset-files\java\TestSmell123.java,C:\Users\publi\Downloads\aroma-lia-saner-2026-rp\dataset-files\java\TestSmell123.java,,,1,0,0,0,0,0,1,0,0,0,0,0,0,0,0,0,1,0,0,0,1,0
TestProject,TestSmell124.java,C:\Users\publi\Downloads\aroma-lia-saner-2026-rp\dataset-files\java\TestSmell124.java,C:\Users\publi\Downloads\aroma-lia-saner-2026-rp\dataset-files\java\TestSmell124.java,,,1,0,0,0,0,0,1,0,0,0,0,0,0,0,0,0,0,0,0,0,1,0
TestProject,TestSmell125.java,C:\Users\publi\Downloads\aroma-lia-saner-2026-rp\dataset-files\java\TestSmell125.java,C:\Users\publi\Downloads\aroma-lia-saner-2026-rp\dataset-files\java\TestSmell125.java,,,3,0,1,0,0,0,1,0,0,0,0,0,0,0,0,0,0,1,0,0,1,0
TestProject,TestSmell126.java,C:\Users\publi\Downloads\aroma-lia-saner-2026-rp\dataset-files\java\TestSmell126.java,C:\Users\publi\Downloads\aroma-lia-saner-2026-rp\dataset-files\java\TestSmell126.java,,,1,0,0,0,0,0,1,0,0,0,1,0,0,0,0,0,0,0,0,0,1,0
TestProject,TestSmell127.java,C:\Users\publi\Downloads\aroma-lia-saner-2026-rp\dataset-files\java\TestSmell127.java,C:\Users\publi\Downloads\aroma-lia-saner-2026-rp\dataset-files\java\TestSmell127.java,,,1,1,0,0,0,0,1,0,0,0,0,0,0,0,0,0,1,0,0,0,1,0
TestProject,TestSmell128.java,C:\Users\publi\Downloads\aroma-lia-saner-2026-rp\dataset-files\java\TestSmell128.java,C:\Users\publi\Downloads\aroma-lia-saner-2026-rp\dataset-files\java\TestSmell128.java,,,1,1,0,0,0,0,0,0,0,0,0,0,0,0,0,0,0,0,0,0,1,0
TestProject,TestSmell129.java,C:\Users\publi\Downloads\aroma-lia-saner-2026-rp\dataset-files\java\TestSmell129.java,C:\Users\publi\Downloads\aroma-lia-saner-2026-rp\dataset-files\java\TestSmell129.java,,,2,1,1,0,0,0,1,0,0,0,0,0,0,0,0,0,0,0,0,0,1,0
TestProject,TestSmell130.java,C:\Users\publi\Downloads\aroma-lia-saner-2026-rp\dataset-files\java\TestSmell130.java,C:\Users\publi\Downloads\aroma-lia-saner-2026-rp\dataset-files\java\TestSmell130.java,,,1,0,0,0,0,0,1,0,0,0,0,0,0,0,0,0,0,0,0,0,1,0
TestProject,TestSmell131.java,C:\Users\publi\Downloads\aroma-lia-saner-2026-rp\dataset-files\java\TestSmell131.java,C:\Users\publi\Downloads\aroma-lia-saner-2026-rp\dataset-files\java\TestSmell131.java,,,1,1,0,0,0,0,0,0,0,1,0,0,0,0,0,0,0,0,0,0,1,0
TestProject,TestSmell132.java,C:\Users\publi\Downloads\aroma-lia-saner-2026-rp\dataset-files\java\TestSmell132.java,C:\Users\publi\Downloads\aroma-lia-saner-2026-rp\dataset-files\java\TestSmell132.java,,,1,1,0,0,0,0,0,0,0,0,0,0,0,0,0,0,0,0,0,0,1,0
TestProject,TestSmell133.java,C:\Users\publi\Downloads\aroma-lia-saner-2026-rp\dataset-files\java\TestSmell133.java,C:\Users\publi\Downloads\aroma-lia-saner-2026-rp\dataset-files\java\TestSmell133.java,,,1,1,1,0,0,0,0,0,0,0,0,0,0,0,0,0,0,0,0,0,1,0
TestProject,TestSmell134.java,C:\Users\publi\Downloads\aroma-lia-saner-2026-rp\dataset-files\java\TestSmell134.java,C:\Users\publi\Downloads\aroma-lia-saner-2026-rp\dataset-files\java\TestSmell134.java,,,1,0,0,0,0,0,0,0,0,0,0,0,0,0,0,0,0,0,0,0,1,0
TestProject,TestSmell135.java,C:\Users\publi\Downloads\aroma-lia-saner-2026-rp\dataset-files\java\TestSmell135.java,C:\Users\publi\Downloads\aroma-lia-saner-2026-rp\dataset-files\java\TestSmell135.java,,,1,0,1,0,0,0,0,0,0,0,0,0,0,0,0,0,0,1,0,0,1,0
TestProject,TestSmell136.java,C:\Users\publi\Downloads\aroma-lia-saner-2026-rp\dataset-files\java\TestSmell136.java,C:\Users\publi\Downloads\aroma-lia-saner-2026-rp\dataset-files\java\TestSmell136.java,,,1,0,0,0,0,0,0,0,0,0,0,0,0,0,0,0,0,0,0,0,1,0
TestProject,TestSmell137.java,C:\Users\publi\Downloads\aroma-lia-saner-2026-rp\dataset-files\java\TestSmell137.java,C:\Users\publi\Downloads\aroma-lia-saner-2026-rp\dataset-files\java\TestSmell137.java,,,1,1,0,0,0,0,0,0,0,0,0,0,0,0,0,0,1,0,0,0,1,0
TestProject,TestSmell138.java,C:\Users\publi\Downloads\aroma-lia-saner-2026-rp\dataset-files\java\TestSmell138.java,C:\Users\publi\Downloads\aroma-lia-saner-2026-rp\dataset-files\java\TestSmell138.java,,,1,0,0,0,0,0,0,0,0,0,0,0,0,0,0,0,0,0,0,0,1,0
TestProject,TestSmell139.java,C:\Users\publi\Downloads\aroma-lia-saner-2026-rp\dataset-files\java\TestSmell139.java,C:\Users\publi\Downloads\aroma-lia-saner-2026-rp\dataset-files\java\TestSmell139.java,,,1,0,0,0,0,0,1,0,0,0,0,0,0,1,0,0,0,0,0,0,1,0
TestProject,TestSmell140.java,C:\Users\publi\Downloads\aroma-lia-saner-2026-rp\dataset-files\java\TestSmell140.java,C:\Users\publi\Downloads\aroma-lia-saner-2026-rp\dataset-files\java\TestSmell140.java,,,1,0,1,0,0,0,0,0,0,0,0,0,0,0,0,0,0,0,0,0,1,0
TestProject,TestSmell141.java,C:\Users\publi\Downloads\aroma-lia-saner-2026-rp\dataset-files\java\TestSmell141.java,C:\Users\publi\Downloads\aroma-lia-saner-2026-rp\dataset-files\java\TestSmell141.java,,,1,1,0,0,0,0,0,0,0,0,0,0,0,0,0,0,0,0,0,0,1,0
TestProject,TestSmell142.java,C:\Users\publi\Downloads\aroma-lia-saner-2026-rp\dataset-files\java\TestSmell142.java,C:\Users\publi\Downloads\aroma-lia-saner-2026-rp\dataset-files\java\TestSmell142.java,,,1,1,0,0,0,0,0,0,0,0,0,0,0,0,0,0,0,0,0,0,1,0
TestProject,TestSmell143.java,C:\Users\publi\Downloads\aroma-lia-saner-2026-rp\dataset-files\java\TestSmell143.java,C:\Users\publi\Downloads\aroma-lia-saner-2026-rp\dataset-files\java\TestSmell143.java,,,1,0,0,0,0,0,0,0,0,1,1,0,0,0,0,0,0,0,0,0,1,0
TestProject,TestSmell144.java,C:\Users\publi\Downloads\aroma-lia-saner-2026-rp\dataset-files\java\TestSmell144.java,C:\Users\publi\Downloads\aroma-lia-saner-2026-rp\dataset-files\java\TestSmell144.java,,,2,1,0,0,0,0,0,0,0,1,0,0,0,0,0,0,1,0,0,0,1,0
TestProject,TestSmell145.java,C:\Users\publi\Downloads\aroma-lia-saner-2026-rp\dataset-files\java\TestSmell145.java,C:\Users\publi\Downloads\aroma-lia-saner-2026-rp\dataset-files\java\TestSmell145.java,,,1,1,0,0,0,0,0,0,0,1,0,0,0,0,0,0,0,0,0,0,1,0
TestProject,TestSmell146.java,C:\Users\publi\Downloads\aroma-lia-saner-2026-rp\dataset-files\java\TestSmell146.java,C:\Users\publi\Downloads\aroma-lia-saner-2026-rp\dataset-files\java\TestSmell146.java,,,1,1,0,0,0,0,0,0,0,1,0,0,0,0,0,0,0,0,0,0,1,0
TestProject,TestSmell147.java,C:\Users\publi\Downloads\aroma-lia-saner-2026-rp\dataset-files\java\TestSmell147.java,C:\Users\publi\Downloads\aroma-lia-saner-2026-rp\dataset-files\java\TestSmell147.java,,,1,1,0,0,0,0,0,0,0,1,0,0,0,0,0,0,0,0,0,0,1,0
TestProject,TestSmell148.java,C:\Users\publi\Downloads\aroma-lia-saner-2026-rp\dataset-files\java\TestSmell148.java,C:\Users\publi\Downloads\aroma-lia-saner-2026-rp\dataset-files\java\TestSmell148.java,,,1,1,0,0,0,0,0,0,0,1,0,0,0,0,0,0,0,0,0,0,1,0
TestProject,TestSmell149.java,C:\Users\publi\Downloads\aroma-lia-saner-2026-rp\dataset-files\java\TestSmell149.java,C:\Users\publi\Downloads\aroma-lia-saner-2026-rp\dataset-files\java\TestSmell149.java,,,1,0,1,0,0,0,1,0,0,1,0,0,0,1,0,0,0,1,0,0,1,0
TestProject,TestSmell150.java,C:\Users\publi\Downloads\aroma-lia-saner-2026-rp\dataset-files\java\TestSmell150.java,C:\Users\publi\Downloads\aroma-lia-saner-2026-rp\dataset-files\java\TestSmell150.java,,,1,1,0,0,0,0,0,0,0,1,0,0,0,0,0,0,0,0,0,0,1,0
TestProject,TestSmell151.java,C:\Users\publi\Downloads\aroma-lia-saner-2026-rp\dataset-files\java\TestSmell151.java,C:\Users\publi\Downloads\aroma-lia-saner-2026-rp\dataset-files\java\TestSmell151.java,,,1,0,1,0,0,0,1,0,0,1,1,0,0,1,0,0,0,0,0,0,1,0
TestProject,TestSmell152.java,C:\Users\publi\Downloads\aroma-lia-saner-2026-rp\dataset-files\java\TestSmell152.java,C:\Users\publi\Downloads\aroma-lia-saner-2026-rp\dataset-files\java\TestSmell152.java,,,1,0,1,0,0,0,0,0,0,1,0,0,0,0,0,0,0,1,0,0,1,0
TestProject,TestSmell153.java,C:\Users\publi\Downloads\aroma-lia-saner-2026-rp\dataset-files\java\TestSmell153.java,C:\Users\publi\Downloads\aroma-lia-saner-2026-rp\dataset-files\java\TestSmell153.java,,,1,1,0,0,0,0,1,0,0,0,0,0,0,1,0,0,0,0,0,0,1,0
TestProject,TestSmell154.java,C:\Users\publi\Downloads\aroma-lia-saner-2026-rp\dataset-files\java\TestSmell154.java,C:\Users\publi\Downloads\aroma-lia-saner-2026-rp\dataset-files\java\TestSmell154.java,,,1,1,0,0,0,0,1,0,0,0,0,0,0,1,0,0,0,0,0,0,1,0
TestProject,TestSmell155.java,C:\Users\publi\Downloads\aroma-lia-saner-2026-rp\dataset-files\java\TestSmell155.java,C:\Users\publi\Downloads\aroma-lia-saner-2026-rp\dataset-files\java\TestSmell155.java,,,1,0,0,0,0,0,1,0,0,0,0,0,0,1,0,0,0,0,0,0,1,0
TestProject,TestSmell156.java,C:\Users\publi\Downloads\aroma-lia-saner-2026-rp\dataset-files\java\TestSmell156.java,C:\Users\publi\Downloads\aroma-lia-saner-2026-rp\dataset-files\java\TestSmell156.java,,,1,0,0,0,0,0,1,0,0,0,0,0,0,1,0,0,0,1,0,0,1,0
TestProject,TestSmell157.java,C:\Users\publi\Downloads\aroma-lia-saner-2026-rp\dataset-files\java\TestSmell157.java,C:\Users\publi\Downloads\aroma-lia-saner-2026-rp\dataset-files\java\TestSmell157.java,,,1,0,1,0,0,0,1,0,0,0,0,0,0,1,0,0,0,0,0,0,1,0
TestProject,TestSmell158.java,C:\Users\publi\Downloads\aroma-lia-saner-2026-rp\dataset-files\java\TestSmell158.java,C:\Users\publi\Downloads\aroma-lia-saner-2026-rp\dataset-files\java\TestSmell158.java,,,1,1,1,0,0,0,1,0,0,0,0,0,0,1,0,0,0,0,0,0,1,0
TestProject,TestSmell159.java,C:\Users\publi\Downloads\aroma-lia-saner-2026-rp\dataset-files\java\TestSmell159.java,C:\Users\publi\Downloads\aroma-lia-saner-2026-rp\dataset-files\java\TestSmell159.java,,,1,0,0,0,0,0,0,0,0,1,0,0,0,0,0,0,0,1,0,0,1,0
TestProject,TestSmell160.java,C:\Users\publi\Downloads\aroma-lia-saner-2026-rp\dataset-files\java\TestSmell160.java,C:\Users\publi\Downloads\aroma-lia-saner-2026-rp\dataset-files\java\TestSmell160.java,,,1,0,0,0,0,0,0,0,0,0,0,0,0,0,0,0,0,1,0,0,1,0
TestProject,TestSmell161.java,C:\Users\publi\Downloads\aroma-lia-saner-2026-rp\dataset-files\java\TestSmell161.java,C:\Users\publi\Downloads\aroma-lia-saner-2026-rp\dataset-files\java\TestSmell161.java,,,1,0,0,0,0,0,0,0,0,0,0,0,0,0,0,0,0,1,0,0,1,0
TestProject,TestSmell162.java,C:\Users\publi\Downloads\aroma-lia-saner-2026-rp\dataset-files\java\TestSmell162.java,C:\Users\publi\Downloads\aroma-lia-saner-2026-rp\dataset-files\java\TestSmell162.java,,,1,0,0,0,0,0,0,0,0,0,0,0,0,0,0,0,0,1,0,1,1,0
TestProject,TestSmell163.java,C:\Users\publi\Downloads\aroma-lia-saner-2026-rp\dataset-files\java\TestSmell163.java,C:\Users\publi\Downloads\aroma-lia-saner-2026-rp\dataset-files\java\TestSmell163.java,,,1,0,0,0,0,0,1,0,0,0,0,0,0,0,0,0,0,1,0,0,1,0
TestProject,TestSmell164.java,C:\Users\publi\Downloads\aroma-lia-saner-2026-rp\dataset-files\java\TestSmell164.java,C:\Users\publi\Downloads\aroma-lia-saner-2026-rp\dataset-files\java\TestSmell164.java,,,1,0,0,0,0,1,0,0,0,0,0,0,0,0,0,0,0,1,0,0,1,0
TestProject,TestSmell165.java,C:\Users\publi\Downloads\aroma-lia-saner-2026-rp\dataset-files\java\TestSmell165.java,C:\Users\publi\Downloads\aroma-lia-saner-2026-rp\dataset-files\java\TestSmell165.java,,,1,0,0,0,0,0,1,0,0,0,0,0,0,0,0,0,0,1,0,0,1,0
TestProject,TestSmell166.java,C:\Users\publi\Downloads\aroma-lia-saner-2026-rp\dataset-files\java\TestSmell166.java,C:\Users\publi\Downloads\aroma-lia-saner-2026-rp\dataset-files\java\TestSmell166.java,,,1,0,0,0,0,0,0,0,0,0,0,0,0,0,0,0,0,1,0,0,1,0
